Date,Close,Open,High,Low,Volume,ChangePercent,Ticker,Return,Average,Volatility,LogReturn
2024-01-02,21500.0,20000.0,22000.0,20000.0,112200,10.82,VTR,7.5,21000.0,2000.0,0.07232066157962613
2024-01-03,23500.0,21500.0,23500.0,21000.0,159000,9.3,VTR,9.30232558139535,22250.0,2500.0,0.08894748601649738
2024-01-04,23500.0,23600.0,24200.0,23000.0,114600,0.0,VTR,-0.423728813559322,23600.0,1200.0,-0.004246290881450676
2024-01-05,23700.0,23600.0,24000.0,22700.0,57630,0.85,VTR,0.423728813559322,23350.0,1300.0,0.004228336109521891
2024-01-08,22900.0,23800.0,24000.0,22900.0,39970,-3.38,VTR,-3.7815126050420167,23450.0,1100.0,-0.03854867011723506
2024-01-09,22300.0,23100.0,23100.0,22300.0,43290,-2.62,VTR,-3.463203463203463,22700.0,800.0,-0.03524593906167439
2024-01-10,22000.0,22700.0,22700.0,22000.0,31500,-1.35,VTR,-3.0837004405286343,22350.0,700.0,-0.03132247112904096
2024-01-11,22200.0,22800.0,22800.0,21800.0,53540,0.91,VTR,-2.631578947368421,22300.0,1000.0,-0.026668247082161756
2024-01-12,21700.0,22200.0,22200.0,21300.0,41220,-2.25,VTR,-2.2522522522522523,21750.0,900.0,-0.02278002833181958
2024-01-15,21700.0,20200.0,22000.0,20200.0,18420,0.0,VTR,7.425742574257425,21100.0,1800.0,0.07162965613925465
2024-01-16,21900.0,22000.0,22000.0,21500.0,19710,0.92,VTR,-0.45454545454545453,21750.0,500.0,-0.0045558165358610125
2024-01-17,22000.0,21700.0,22300.0,21700.0,17840,0.46,VTR,1.3824884792626728,22000.0,600.0,0.013730192811902242
2024-01-18,22400.0,22000.0,22500.0,21800.0,31300,1.82,VTR,1.8181818181818181,22150.0,700.0,0.018018505502677584
2024-01-19,22200.0,22600.0,22600.0,22000.0,6930,-0.89,VTR,-1.7699115044247788,22300.0,600.0,-0.017857617400007797
2024-01-22,22100.0,22500.0,22700.0,21900.0,5540,-0.45,VTR,-1.7777777777777777,22300.0,800.0,-0.017937700686667668
2024-01-23,22200.0,22000.0,22500.0,22000.0,13830,0.45,VTR,0.9090909090909091,22250.0,500.0,0.009049835519917337
2024-01-24,21800.0,22100.0,22500.0,21800.0,47310,-1.8,VTR,-1.3574660633484164,22150.0,700.0,-0.013667638728662723
2024-01-25,22200.0,22100.0,22500.0,21800.0,10510,1.83,VTR,0.4524886877828055,22150.0,700.0,0.0045146803545268455
2024-01-26,22400.0,22100.0,22500.0,21800.0,41030,0.9,VTR,1.3574660633484164,22150.0,700.0,0.013483350337287092
2024-01-29,22600.0,22400.0,22600.0,22200.0,51250,0.89,VTR,0.8928571428571428,22400.0,400.0,0.00888894741724755
2024-01-30,22900.0,22600.0,23900.0,22600.0,89860,1.33,VTR,1.3274336283185841,23250.0,1300.0,0.013187004281952852
2024-01-31,23000.0,22700.0,23500.0,22400.0,35680,0.44,VTR,1.3215859030837005,22950.0,1100.0,0.013129291441792645
2024-02-01,22500.0,23000.0,23000.0,22000.0,30410,-2.17,VTR,-2.1739130434782608,22500.0,1000.0,-0.02197890671877545
2024-02-02,22300.0,22600.0,23000.0,22300.0,25620,-0.89,VTR,-1.3274336283185841,22650.0,700.0,-0.013363227812167366
2024-02-05,22000.0,22800.0,22800.0,21900.0,49200,-1.35,VTR,-3.508771929824561,22350.0,900.0,-0.03571808260207909
2024-02-06,22500.0,22200.0,22800.0,21900.0,32330,2.27,VTR,1.3513513513513513,22350.0,900.0,0.013423020332140823
2024-02-07,22300.0,22500.0,22700.0,21800.0,39260,-0.89,VTR,-0.8888888888888888,22250.0,900.0,-0.008928630744300392
2024-02-15,22400.0,22400.0,22800.0,22400.0,28360,0.45,VTR,0.0,22600.0,400.0,0.0
2024-02-16,22700.0,22800.0,23000.0,22000.0,35820,1.34,VTR,-0.43859649122807015,22500.0,1000.0,-0.00439561147303813
2024-02-19,22600.0,22700.0,22700.0,22100.0,54170,-0.44,VTR,-0.4405286343612335,22400.0,600.0,-0.0044150182091158285
2024-02-20,22700.0,22600.0,22800.0,22300.0,59090,0.44,VTR,0.4424778761061947,22550.0,500.0,0.0044150182091158285
2024-02-21,22300.0,22500.0,22900.0,22300.0,33560,-1.76,VTR,-0.8888888888888888,22600.0,600.0,-0.008928630744300392
2024-02-22,22500.0,22600.0,22700.0,22000.0,53010,0.9,VTR,-0.4424778761061947,22350.0,700.0,-0.004434597067866974
2024-02-23,22200.0,22600.0,22600.0,22000.0,28740,-1.33,VTR,-1.7699115044247788,22300.0,600.0,-0.017857617400007797
2024-02-26,22200.0,22200.0,22600.0,21900.0,18860,0.0,VTR,0.0,22250.0,700.0,0.0
2024-02-27,22300.0,22200.0,22500.0,22100.0,18000,0.45,VTR,0.45045045045045046,22300.0,400.0,0.0044943895878404305
2024-02-28,22400.0,22500.0,22500.0,22200.0,9080,0.45,VTR,-0.4444444444444444,22350.0,300.0,-0.004454350349380576
2024-02-29,22300.0,22300.0,22400.0,22200.0,40320,-0.45,VTR,0.0,22300.0,200.0,0.0
2024-03-01,22700.0,22500.0,22900.0,22400.0,86610,1.79,VTR,0.8888888888888888,22650.0,500.0,0.008849615276982803
2024-03-04,23100.0,22800.0,23400.0,22700.0,68320,1.76,VTR,1.3157894736842104,23050.0,700.0,0.013072081567353067
2024-03-05,24100.0,23000.0,24900.0,23000.0,156920,4.33,VTR,4.782608695652174,23950.0,1900.0,0.04671762456746009
2024-03-06,24300.0,25500.0,25500.0,23900.0,66940,0.83,VTR,-4.705882352941177,24700.0,1600.0,-0.04820210181787843
2024-03-07,24000.0,25500.0,25500.0,23700.0,44140,-1.23,VTR,-5.88235294117647,24600.0,1800.0,-0.060624621816435464
2024-03-08,23800.0,25000.0,25000.0,23300.0,69710,-0.83,VTR,-4.8,24150.0,1700.0,-0.04919024419077189
2024-03-11,23700.0,24000.0,24200.0,23500.0,55040,-0.42,VTR,-1.25,23850.0,700.0,-0.012578782206858818
2024-03-12,24200.0,23800.0,24400.0,23400.0,126970,2.11,VTR,1.680672268907563,23900.0,1000.0,0.016667052485212608
2024-03-13,24100.0,24400.0,24400.0,23800.0,37420,-0.41,VTR,-1.2295081967213115,24100.0,600.0,-0.01237129180254648
2024-03-14,24000.0,24000.0,24100.0,23800.0,29260,-0.41,VTR,0.0,23950.0,300.0,0.0
2024-03-15,24200.0,24000.0,24200.0,23800.0,44380,0.83,VTR,0.8333333333333334,24000.0,400.0,0.008298802814696415
2024-03-18,23700.0,24200.0,24200.0,23400.0,71310,-2.07,VTR,-2.066115702479339,23800.0,800.0,-0.020877585021555234
2024-03-19,23700.0,23700.0,23900.0,23500.0,48460,0.0,VTR,0.0,23700.0,400.0,0.0
2024-03-20,23700.0,23800.0,23800.0,23500.0,21650,0.0,VTR,-0.42016806722689076,23650.0,300.0,-0.004210532536342626
2024-03-21,23700.0,23700.0,24000.0,23600.0,22810,0.0,VTR,0.0,23800.0,400.0,0.0
2024-03-22,23700.0,23800.0,23800.0,23500.0,56240,0.0,VTR,-0.42016806722689076,23650.0,300.0,-0.004210532536342626
2024-03-25,23700.0,23700.0,23900.0,23400.0,26500,0.0,VTR,0.0,23650.0,500.0,0.0
2024-03-26,23800.0,23900.0,23900.0,23400.0,29710,0.42,VTR,-0.41841004184100417,23650.0,500.0,-0.004192878260036892
2024-03-27,23900.0,23700.0,23900.0,23700.0,30300,0.42,VTR,0.8438818565400843,23800.0,200.0,0.008403410796379518
2024-03-28,24600.0,23800.0,24800.0,23700.0,113450,2.93,VTR,3.361344537815126,24250.0,1100.0,0.03306086226088745
2024-03-29,25100.0,24900.0,25500.0,24900.0,72970,2.03,VTR,0.8032128514056224,25200.0,600.0,0.008000042667076102
2024-04-01,27100.0,25000.0,27300.0,25000.0,209930,7.97,VTR,8.4,26150.0,2300.0,0.08065790301745501
2024-04-02,27500.0,27800.0,27900.0,27000.0,112230,1.48,VTR,-1.079136690647482,27450.0,900.0,-0.010850016024065212
2024-04-03,27200.0,28000.0,28000.0,26300.0,71820,-1.09,VTR,-2.857142857142857,27150.0,1700.0,-0.028987536873252395
2024-04-04,27100.0,27300.0,27300.0,26800.0,69100,-0.37,VTR,-0.7326007326007326,27050.0,500.0,-0.007352974305257831
2024-04-05,27600.0,27000.0,27700.0,26600.0,119530,1.85,VTR,2.2222222222222223,27150.0,1100.0,0.02197890671877545
2024-04-08,27500.0,25400.0,28000.0,25400.0,54170,-0.36,VTR,8.267716535433072,26700.0,2600.0,0.07943683064803508
2024-04-09,27000.0,27200.0,27200.0,26100.0,125960,-1.82,VTR,-0.7352941176470588,26650.0,1100.0,-0.007380107297622729
2024-04-10,26700.0,27000.0,27000.0,26300.0,13300,-1.11,VTR,-1.1111111111111112,26650.0,700.0,-0.01117330059812538
2024-04-11,27100.0,26200.0,27300.0,26000.0,71360,1.5,VTR,3.435114503816794,26650.0,1300.0,0.03377431711860446
2024-04-12,28000.0,27000.0,28500.0,27000.0,141380,3.32,VTR,3.7037037037037033,27750.0,1500.0,0.036367644170875124
2024-04-15,27500.0,27700.0,28800.0,27200.0,155990,-1.79,VTR,-0.7220216606498195,28000.0,1600.0,-0.007246408520765968
2024-04-16,27200.0,27900.0,27900.0,26500.0,87960,-1.09,VTR,-2.5089605734767026,27200.0,1400.0,-0.025409715525368526
2024-04-17,27200.0,27200.0,27800.0,26500.0,40070,0.0,VTR,0.0,27150.0,1300.0,0.0
2024-04-19,26400.0,26600.0,26800.0,25500.0,86600,-2.94,VTR,-0.7518796992481203,26150.0,1300.0,-0.007547205635383136
2024-04-22,26600.0,27500.0,27500.0,25800.0,11810,0.76,VTR,-3.272727272727273,26650.0,1700.0,-0.033274788884872564
2024-04-23,26000.0,27000.0,27000.0,25800.0,29520,-2.26,VTR,-3.7037037037037033,26400.0,1200.0,-0.03774032798284743
2024-04-24,26200.0,26300.0,26800.0,25700.0,57100,0.77,VTR,-0.38022813688212925,26250.0,1100.0,-0.0038095284166672627
2024-04-25,26200.0,26100.0,26500.0,25800.0,42000,0.0,VTR,0.38314176245210724,26150.0,700.0,0.003824096438403757
2024-04-26,26400.0,27300.0,27300.0,26000.0,22600,0.76,VTR,-3.296703296703297,26650.0,1300.0,-0.03352269203864289
2024-05-02,25800.0,27100.0,27100.0,25700.0,45250,-2.27,VTR,-4.797047970479705,26400.0,1400.0,-0.04915923595808458
2024-05-03,25800.0,26200.0,26900.0,25500.0,66600,0.0,VTR,-1.5267175572519083,26200.0,1400.0,-0.015384918839480122
2024-05-06,26900.0,25800.0,27200.0,25000.0,235600,4.26,VTR,4.263565891472868,26100.0,2200.0,0.04175179468022172
2024-05-07,27400.0,27500.0,27500.0,26900.0,89570,1.86,VTR,-0.36363636363636365,27200.0,600.0,-0.0036429912785020946
2024-05-08,26900.0,27500.0,27900.0,26500.0,45420,-1.82,VTR,-2.181818181818182,27200.0,1400.0,-0.022059718064733502
2024-05-09,26500.0,26900.0,27400.0,26000.0,55310,-1.49,VTR,-1.486988847583643,26700.0,1400.0,-0.01498155361561615
2024-05-10,26100.0,26500.0,26500.0,25900.0,47320,-1.51,VTR,-1.509433962264151,26200.0,600.0,-0.015209418663529206
2024-05-13,25600.0,26100.0,26100.0,25300.0,77500,-1.92,VTR,-1.9157088122605364,25700.0,800.0,-0.019342962843131417
2024-05-14,26300.0,25600.0,27300.0,25300.0,75810,2.73,VTR,2.734375,26300.0,2000.0,0.026976587698202437
2024-05-15,25400.0,27000.0,27000.0,25100.0,103840,-3.42,VTR,-5.9259259259259265,26050.0,1900.0,-0.061087691979837544
2024-05-16,25200.0,26500.0,26500.0,25100.0,56600,-0.79,VTR,-4.905660377358491,25800.0,1400.0,-0.050300738474799545
2024-05-17,24600.0,25900.0,25900.0,24000.0,102380,-2.38,VTR,-5.019305019305019,24950.0,1900.0,-0.05149652576717578
2024-05-20,24400.0,25000.0,25000.0,23800.0,96350,-0.81,VTR,-2.4,24400.0,1200.0,-0.02429269256904476
2024-05-21,24000.0,24400.0,24400.0,23700.0,73010,-1.64,VTR,-1.639344262295082,24050.0,700.0,-0.01652930195121094
2024-05-22,24600.0,24700.0,25000.0,24000.0,56030,2.5,VTR,-0.4048582995951417,24500.0,1000.0,-0.004056800695614982
2024-05-23,24900.0,24000.0,25000.0,24000.0,21610,1.22,VTR,3.75,24500.0,1000.0,0.03681397312271706
2024-05-24,24300.0,24900.0,25000.0,23800.0,64510,-2.41,VTR,-2.4096385542168677,24400.0,1200.0,-0.024391453124160023
2024-05-27,24200.0,24400.0,24400.0,23700.0,18100,-0.41,VTR,-0.819672131147541,24050.0,700.0,-0.008230499136514524
2024-05-28,24600.0,23900.0,25100.0,23900.0,73780,1.65,VTR,2.928870292887029,24500.0,1200.0,0.028867984000850555
2024-05-29,24000.0,24900.0,24900.0,23600.0,68700,-2.44,VTR,-3.614457831325301,24250.0,1300.0,-0.03681397312271706
2024-05-30,23900.0,24000.0,24000.0,23400.0,30770,-0.42,VTR,-0.4166666666666667,23700.0,600.0,-0.0041753714104793005
2024-05-31,23500.0,24500.0,24500.0,23400.0,26100,-1.67,VTR,-4.081632653061225,23950.0,1100.0,-0.04167269640056759
2024-06-03,23700.0,23800.0,24100.0,23500.0,36630,0.85,VTR,-0.42016806722689076,23800.0,600.0,-0.004210532536342626
2024-06-04,24000.0,23900.0,24400.0,23800.0,69200,1.27,VTR,0.41841004184100417,24100.0,600.0,0.0041753714104793005
2024-06-05,24100.0,24400.0,24400.0,24000.0,48000,0.42,VTR,-1.2295081967213115,24200.0,400.0,-0.01237129180254648
2024-06-06,24000.0,24400.0,24400.0,23800.0,32750,-0.41,VTR,-1.639344262295082,24100.0,600.0,-0.01652930195121094
2024-06-07,24000.0,24000.0,24400.0,23900.0,11650,0.0,VTR,0.0,24150.0,500.0,0.0
2024-06-10,24100.0,24200.0,24400.0,23900.0,30810,0.42,VTR,-0.4132231404958678,24150.0,500.0,-0.004140792666031956
2024-06-11,24100.0,24200.0,24400.0,24000.0,21440,0.0,VTR,-0.4132231404958678,24200.0,400.0,-0.004140792666031956
2024-06-12,24300.0,24000.0,24300.0,23800.0,32000,0.83,VTR,1.25,24050.0,500.0,0.012422519998557036
2024-06-13,25000.0,24300.0,25600.0,23900.0,91260,2.88,VTR,2.880658436213992,24750.0,1700.0,0.028399474521698664
2024-06-14,24600.0,25000.0,25200.0,24100.0,24810,-1.6,VTR,-1.6,24650.0,1100.0,-0.016129381929884445
2024-06-17,24200.0,24000.0,24500.0,23700.0,45410,-1.63,VTR,0.8333333333333334,24100.0,800.0,0.008298802814696415
2024-06-18,24100.0,24000.0,24400.0,23800.0,25450,-0.41,VTR,0.4166666666666667,24100.0,600.0,0.004158010148664459
2024-06-19,24000.0,24000.0,24300.0,23500.0,43170,-0.41,VTR,0.0,23900.0,800.0,0.0
2024-06-20,23900.0,24000.0,24000.0,23500.0,46730,-0.42,VTR,-0.4166666666666667,23750.0,500.0,-0.0041753714104793005
2024-06-21,24900.0,23700.0,25000.0,23500.0,133430,4.18,VTR,5.063291139240507,24250.0,1500.0,0.04939275532957588
2024-06-24,25400.0,24900.0,25400.0,24700.0,150800,2.01,VTR,2.0080321285140563,25050.0,700.0,0.019881370553829214
2024-06-25,25300.0,25400.0,26600.0,25000.0,80440,-0.39,VTR,-0.39370078740157477,25800.0,1600.0,-0.003944778291016249
2024-06-26,25000.0,25400.0,25400.0,24700.0,48940,-1.19,VTR,-1.574803149606299,25050.0,700.0,-0.015873349156290573
2024-06-27,26000.0,25100.0,26200.0,25100.0,207130,4.0,VTR,3.5856573705179287,25650.0,1100.0,0.035228691883743224
2024-06-28,25900.0,26000.0,26500.0,25300.0,57930,-0.38,VTR,-0.38461538461538464,25900.0,1200.0,-0.003853569315989347
2024-07-01,25400.0,25900.0,25900.0,24900.0,42770,-1.93,VTR,-1.9305019305019304,25400.0,1000.0,-0.019493794681000765
2024-07-02,25200.0,25200.0,25200.0,24600.0,55310,-0.79,VTR,0.0,24900.0,600.0,0.0
2024-07-03,25500.0,25200.0,26600.0,24600.0,38800,1.19,VTR,1.1904761904761905,25600.0,2000.0,0.011834457647003305
2024-07-04,25200.0,26000.0,26000.0,24500.0,54900,-1.18,VTR,-3.076923076923077,25250.0,1500.0,-0.031252543504104224
2024-07-05,25100.0,25800.0,25800.0,24600.0,50710,-0.4,VTR,-2.7131782945736433,25200.0,1200.0,-0.027506645789832973
2024-07-08,24600.0,25000.0,25200.0,24500.0,52310,-1.99,VTR,-1.6,24850.0,700.0,-0.016129381929884445
2024-07-09,24800.0,24700.0,25000.0,24500.0,57310,0.81,VTR,0.4048582995951417,24750.0,500.0,0.004040409537005019
2024-07-10,24800.0,24500.0,25000.0,24500.0,27130,0.0,VTR,1.2244897959183674,24750.0,500.0,0.012170535620255052
2024-07-11,24400.0,24800.0,24900.0,24000.0,56800,-1.61,VTR,-1.6129032258064515,24450.0,900.0,-0.016260520871780315
2024-07-12,24500.0,24400.0,24600.0,24200.0,24250,0.41,VTR,0.4098360655737705,24400.0,400.0,0.004089985251525263
2024-07-15,24500.0,24600.0,24600.0,24300.0,22700,0.0,VTR,-0.40650406504065045,24450.0,300.0,-0.004073325387635052
2024-07-16,25000.0,24500.0,25200.0,24500.0,77630,2.04,VTR,2.0408163265306123,24850.0,700.0,0.020202707317519497
2024-07-17,24700.0,25000.0,25400.0,24700.0,60110,-1.2,VTR,-1.2,25050.0,700.0,-0.012072581234269464
2024-07-18,25000.0,25000.0,25000.0,24200.0,35400,1.21,VTR,0.0,24600.0,800.0,0.0
2024-07-19,24600.0,24900.0,25000.0,24300.0,28810,-1.6,VTR,-1.2048192771084338,24650.0,700.0,-0.012121360532345804
2024-07-22,24200.0,24200.0,24700.0,23500.0,41230,-1.63,VTR,0.0,24100.0,1200.0,0.0
2024-07-23,23200.0,24200.0,24500.0,21000.0,84700,-4.13,VTR,-4.132231404958678,22750.0,3500.0,-0.042200354490377734
2024-07-24,23600.0,23800.0,23800.0,22800.0,9000,1.72,VTR,-0.8403361344537815,23300.0,1000.0,-0.008438868645864517
2024-07-25,23500.0,23800.0,24000.0,22800.0,22300,-0.42,VTR,-1.2605042016806722,23400.0,1200.0,-0.012685159527315193
2024-07-26,23400.0,23200.0,23500.0,22900.0,6500,-0.43,VTR,0.8620689655172413,23200.0,600.0,0.008583743691392698
2024-07-29,23300.0,23400.0,23800.0,22800.0,29800,-0.43,VTR,-0.4273504273504274,23300.0,1000.0,-0.004282661792002429
2024-07-30,23500.0,22900.0,23800.0,22900.0,37270,0.86,VTR,2.6200873362445414,23350.0,900.0,0.02586351058991987
2024-07-31,22800.0,23200.0,23700.0,22500.0,88000,-2.98,VTR,-1.7241379310344827,23100.0,1200.0,-0.01739174271186883
2024-08-01,22200.0,22900.0,22900.0,22000.0,24900,-2.63,VTR,-3.056768558951965,22450.0,900.0,-0.03104462168196065
2024-08-02,23000.0,23000.0,23000.0,21100.0,36200,3.6,VTR,0.0,22050.0,1900.0,0.0
2024-08-05,21300.0,22500.0,23400.0,19100.0,88350,-7.39,VTR,-5.333333333333334,21250.0,4300.0,-0.05480823649499378
2024-08-06,21800.0,22000.0,22200.0,20700.0,27510,2.35,VTR,-0.9090909090909091,21450.0,1500.0,-0.009132483563272231
2024-08-07,21800.0,21900.0,21900.0,21000.0,40700,0.0,VTR,-0.45662100456621,21450.0,900.0,-0.004576667027411219
2024-08-08,21500.0,21800.0,22200.0,21200.0,18800,-1.38,VTR,-1.3761467889908259,21700.0,1000.0,-0.013857034661427292
2024-08-09,21700.0,21600.0,21800.0,21400.0,10580,0.93,VTR,0.4629629629629629,21600.0,400.0,0.0046189458562935215
2024-08-12,21600.0,21800.0,21900.0,21400.0,18700,-0.46,VTR,-0.9174311926605505,21650.0,500.0,-0.009216655104923532
2024-08-13,21800.0,21600.0,21900.0,21400.0,9020,0.93,VTR,0.9259259259259258,21650.0,500.0,0.009216655104923532
2024-08-14,21800.0,21600.0,22200.0,21600.0,28330,0.0,VTR,0.9259259259259258,21900.0,600.0,0.009216655104923532
2024-08-15,21900.0,21800.0,22300.0,21400.0,36320,0.46,VTR,0.45871559633027525,21850.0,900.0,0.004576667027411219
2024-08-16,22400.0,21800.0,22500.0,21500.0,54250,2.28,VTR,2.7522935779816518,22000.0,1000.0,0.027150989065949815
2024-08-19,22000.0,22200.0,22700.0,21100.0,34420,-1.79,VTR,-0.9009009009009009,21900.0,1600.0,-0.009049835519917337
2024-08-20,22000.0,22000.0,22500.0,21500.0,46500,0.0,VTR,0.0,22000.0,1000.0,0.0
2024-08-21,21900.0,22000.0,22000.0,21600.0,9200,-0.45,VTR,-0.45454545454545453,21800.0,400.0,-0.0045558165358610125
2024-08-22,21900.0,21900.0,22200.0,21700.0,26040,0.0,VTR,0.0,21950.0,500.0,0.0
2024-08-23,21700.0,21900.0,21900.0,21500.0,22700,-0.91,VTR,-0.91324200913242,21700.0,400.0,-0.00917437627604123
2024-08-26,21700.0,21900.0,21900.0,21500.0,19780,0.0,VTR,-0.91324200913242,21700.0,400.0,-0.00917437627604123
2024-08-27,21500.0,21500.0,21800.0,21500.0,11220,-0.92,VTR,0.0,21650.0,300.0,0.0
2024-08-28,21600.0,21500.0,21700.0,21400.0,31900,0.47,VTR,0.46511627906976744,21550.0,300.0,0.00464037955650376
2024-08-29,21600.0,21600.0,21600.0,21500.0,19940,0.0,VTR,0.0,21550.0,100.0,0.0
2024-08-30,22000.0,21500.0,23000.0,21500.0,18060,1.85,VTR,2.3255813953488373,22250.0,1500.0,0.022989518224699523
2024-09-04,21800.0,21500.0,21800.0,21400.0,24400,-0.91,VTR,1.3953488372093024,21600.0,400.0,0.013857034661427292
2024-09-05,21700.0,22000.0,22000.0,21400.0,6610,-0.46,VTR,-1.3636363636363635,21700.0,600.0,-0.013730192811902242
2024-09-06,21900.0,21700.0,22000.0,21500.0,2970,0.92,VTR,0.9216589861751152,21750.0,500.0,0.00917437627604123
2024-09-09,21700.0,21700.0,21700.0,20900.0,101410,-0.91,VTR,0.0,21300.0,800.0,0.0
2024-09-10,21200.0,21500.0,22200.0,21000.0,20630,-2.3,VTR,-1.3953488372093024,21600.0,1200.0,-0.014051753455650129
2024-09-11,21300.0,21300.0,21500.0,20900.0,14820,0.47,VTR,0.0,21200.0,600.0,0.0
2024-09-12,21400.0,21300.0,22200.0,21300.0,18410,0.47,VTR,0.4694835680751174,21750.0,900.0,0.004683849312424826
2024-09-13,21700.0,21600.0,22500.0,21400.0,5500,1.4,VTR,0.4629629629629629,21950.0,1100.0,0.0046189458562935215
2024-09-16,21500.0,21900.0,21900.0,21300.0,24100,-0.92,VTR,-1.82648401826484,21600.0,600.0,-0.01843370168883851
2024-09-17,21500.0,21600.0,22000.0,21200.0,2250,0.0,VTR,-0.4629629629629629,21600.0,800.0,-0.00464037955650376
2024-09-18,21200.0,21800.0,22700.0,20800.0,33800,-1.4,VTR,-2.7522935779816518,21750.0,1900.0,-0.02790878811707742
2024-09-19,21400.0,21500.0,22200.0,21000.0,13510,0.94,VTR,-0.46511627906976744,21600.0,1200.0,-0.004662013105811269
2024-09-20,21400.0,21800.0,21800.0,20500.0,42700,0.0,VTR,-1.834862385321101,21150.0,1300.0,-0.01851904776723856
2024-09-23,21200.0,21400.0,22400.0,20900.0,8200,-0.93,VTR,-0.9345794392523363,21650.0,1500.0,-0.00938974034983886
2024-09-24,21300.0,21900.0,22200.0,20800.0,24640,0.47,VTR,-2.73972602739726,21500.0,1400.0,-0.027779564107074606
2024-09-25,21000.0,21400.0,22000.0,20700.0,51810,-1.41,VTR,-1.8691588785046727,21350.0,1300.0,-0.018868484304382704
2024-09-26,21200.0,21500.0,21500.0,20900.0,3000,0.95,VTR,-1.3953488372093024,21200.0,600.0,-0.014051753455650129
2024-09-27,20900.0,21400.0,21400.0,20900.0,7710,-1.42,VTR,-2.336448598130841,21150.0,500.0,-0.023641763057039356
2024-09-30,20800.0,21000.0,21500.0,20800.0,10600,-0.48,VTR,-0.9523809523809524,21150.0,700.0,-0.0095694510161497
2024-10-01,20700.0,21000.0,21000.0,20500.0,24300,-0.48,VTR,-1.4285714285714286,20750.0,500.0,-0.014388737452099676
2024-10-02,20700.0,20900.0,21000.0,20600.0,15500,0.0,VTR,-0.9569377990430622,20800.0,400.0,-0.009615458699443025
2024-10-03,20900.0,21400.0,21400.0,20400.0,14410,0.97,VTR,-2.336448598130841,20900.0,1000.0,-0.023641763057039356
2024-10-04,20500.0,20800.0,20800.0,20400.0,9550,-1.91,VTR,-1.4423076923076923,20600.0,400.0,-0.01452810056290943
2024-10-07,20500.0,20400.0,20500.0,20200.0,23700,0.0,VTR,0.49019607843137253,20350.0,300.0,0.0048899852941932664
2024-10-08,20600.0,20500.0,20800.0,20200.0,13600,0.49,VTR,0.4878048780487805,20500.0,600.0,0.004866189651172803
2024-10-09,20500.0,20400.0,20800.0,20400.0,5200,-0.49,VTR,0.49019607843137253,20600.0,400.0,0.0048899852941932664
2024-10-10,20600.0,20600.0,20800.0,20000.0,18100,0.49,VTR,0.0,20400.0,800.0,0.0
2024-10-11,20500.0,20500.0,20600.0,20200.0,8000,-0.49,VTR,0.0,20400.0,400.0,0.0
2024-10-14,20500.0,20500.0,20600.0,20300.0,6310,0.0,VTR,0.0,20450.0,300.0,0.0
2024-10-15,20100.0,20400.0,20400.0,20000.0,23610,-1.95,VTR,-1.4705882352941175,20200.0,400.0,-0.014815085785139459
2024-10-16,20100.0,20400.0,20500.0,19800.0,27930,0.0,VTR,-1.4705882352941175,20150.0,700.0,-0.014815085785139459
2024-10-17,20000.0,20100.0,20400.0,19600.0,14400,-0.5,VTR,-0.4975124378109453,20000.0,800.0,-0.004987541511040305
2024-10-18,20000.0,20000.0,20000.0,19700.0,2510,0.0,VTR,0.0,19850.0,300.0,0.0
2024-10-21,19900.0,19900.0,19900.0,19500.0,16400,-0.5,VTR,0.0,19700.0,400.0,0.0
2024-10-22,19500.0,19300.0,19600.0,19200.0,10550,-2.01,VTR,1.0362694300518136,19400.0,400.0,0.0103093696588612
2024-10-23,19400.0,19500.0,19700.0,19100.0,14500,-0.51,VTR,-0.5128205128205128,19400.0,600.0,-0.005141399500418586
2024-10-24,19500.0,19800.0,19800.0,19500.0,5900,0.52,VTR,-1.5151515151515151,19650.0,300.0,-0.015267472130787496
2024-10-25,19700.0,19700.0,19700.0,19400.0,1400,1.03,VTR,0.0,19550.0,300.0,0.0
2024-10-28,19500.0,19700.0,19800.0,19500.0,11310,-1.02,VTR,-1.015228426395939,19650.0,300.0,-0.0102041701742408
2024-10-29,20300.0,19500.0,21000.0,19500.0,8620,4.1,VTR,4.102564102564102,20250.0,1500.0,0.04020642047803946
2024-10-30,20500.0,20400.0,20900.0,19900.0,3000,0.99,VTR,0.49019607843137253,20400.0,1000.0,0.0048899852941932664
2024-10-31,19700.0,20800.0,20800.0,19300.0,34220,-3.9,VTR,-5.288461538461538,20050.0,1500.0,-0.05433435096333028
2024-11-01,20000.0,20300.0,20300.0,19600.0,1200,1.52,VTR,-1.477832512315271,19950.0,700.0,-0.014888612493750841
2024-11-04,19900.0,19900.0,20200.0,19300.0,3200,-0.5,VTR,0.0,19750.0,900.0,0.0
2024-11-05,19500.0,19300.0,20000.0,19200.0,16100,-2.01,VTR,1.0362694300518136,19600.0,800.0,0.0103093696588612
2024-11-06,19300.0,19400.0,19700.0,18900.0,25770,-1.03,VTR,-0.5154639175257731,19300.0,800.0,-0.005167970158442614
2024-11-07,20000.0,19400.0,20000.0,19000.0,10730,3.63,VTR,3.0927835051546393,19500.0,1000.0,0.030459207484707207
2024-11-08,19700.0,19800.0,19800.0,19200.0,800,-1.5,VTR,-0.5050505050505051,19500.0,600.0,-0.005063301956546695
2024-11-11,19400.0,19800.0,19800.0,19100.0,15710,-1.52,VTR,-2.0202020202020203,19450.0,700.0,-0.020408871631206082
2024-11-12,19200.0,19300.0,19400.0,19200.0,12830,-1.03,VTR,-0.5181347150259068,19300.0,200.0,-0.0051948168771041026
2024-11-13,19500.0,19500.0,19600.0,19000.0,5560,1.56,VTR,0.0,19300.0,600.0,0.0
2024-11-14,19300.0,19300.0,19500.0,19000.0,4220,-1.03,VTR,0.0,19250.0,500.0,0.0
2024-11-15,19400.0,19300.0,19500.0,18900.0,13050,0.52,VTR,0.5181347150259068,19200.0,600.0,0.005167970158442614
2024-11-18,19400.0,19000.0,19500.0,18800.0,35810,0.0,VTR,2.1052631578947367,19150.0,700.0,0.02083408690284294
2024-11-19,19200.0,18900.0,19400.0,18900.0,10410,-1.03,VTR,1.5873015873015872,19150.0,500.0,0.01574835696813892
2024-11-20,19400.0,19200.0,19400.0,18900.0,13610,1.04,VTR,1.0416666666666665,19150.0,500.0,0.010362787035546717
2024-11-21,19500.0,19500.0,19500.0,18900.0,9940,0.52,VTR,0.0,19200.0,600.0,0.0
2024-11-22,19700.0,19500.0,20700.0,19200.0,14900,1.03,VTR,1.0256410256410255,19950.0,1500.0,0.0102041701742408
2024-11-25,20000.0,20500.0,20500.0,19600.0,2570,1.52,VTR,-2.4390243902439024,20050.0,900.0,-0.02469261259037303
2024-11-26,19700.0,19800.0,19800.0,19300.0,4600,-1.5,VTR,-0.5050505050505051,19550.0,500.0,-0.005063301956546695
2024-11-27,19500.0,20000.0,20000.0,19200.0,2009,-1.02,VTR,-2.5,19600.0,800.0,-0.02531780798428862
2024-11-28,19500.0,19700.0,19700.0,19200.0,2560,0.0,VTR,-1.015228426395939,19450.0,500.0,-0.0102041701742408
2024-11-29,19400.0,19700.0,19700.0,19000.0,7870,-0.51,VTR,-1.5228426395939088,19350.0,700.0,-0.015345569674659387
2024-12-02,20000.0,19500.0,20100.0,19400.0,13120,3.09,VTR,2.564102564102564,19750.0,700.0,0.02531780798428862
2024-12-03,20300.0,20000.0,20700.0,19700.0,2830,1.5,VTR,1.5,20200.0,1000.0,0.014888612493750841
2024-12-04,19700.0,20200.0,20200.0,19500.0,7000,-2.96,VTR,-2.4752475247524752,19850.0,700.0,-0.025063968663216585
2024-12-05,20100.0,19800.0,20500.0,19600.0,24800,2.03,VTR,1.5151515151515151,20050.0,900.0,0.01503787736454143
2024-12-06,20100.0,20100.0,20500.0,19800.0,14200,0.0,VTR,0.0,20150.0,700.0,0.0
2024-12-09,20300.0,20500.0,20600.0,19800.0,16930,1.0,VTR,-0.975609756097561,20200.0,800.0,-0.00980400009662219
2024-12-10,20100.0,20400.0,20400.0,20100.0,6100,-0.99,VTR,-1.4705882352941175,20250.0,300.0,-0.014815085785139459
2024-12-11,20500.0,20200.0,20500.0,20200.0,27520,1.99,VTR,1.4851485148514851,20350.0,300.0,0.014742281737204266
2024-12-12,21500.0,20500.0,22000.0,20400.0,65960,4.88,VTR,4.878048780487805,21200.0,1600.0,0.0476280489892531
2024-12-13,22500.0,20900.0,23400.0,20900.0,123190,4.65,VTR,7.655502392344498,22150.0,2500.0,0.07376615023960831
2024-12-16,22600.0,22600.0,23300.0,22200.0,102450,0.44,VTR,0.0,22750.0,1100.0,0.0
2024-12-17,22600.0,22800.0,23000.0,22500.0,72140,0.0,VTR,-0.8771929824561403,22750.0,500.0,-0.008810629682153959
2024-12-18,22400.0,19400.0,22800.0,19400.0,47000,-0.88,VTR,15.463917525773196,21100.0,3400.0,0.14378789279171045
2024-12-19,22000.0,22400.0,22800.0,21600.0,16950,-1.79,VTR,-1.7857142857142856,22200.0,1200.0,-0.018018505502677584
2024-12-20,21700.0,22500.0,22500.0,21600.0,19800,-1.36,VTR,-3.5555555555555554,22050.0,900.0,-0.0362030486639604
2024-12-23,21600.0,22100.0,22300.0,18700.0,48900,-0.46,VTR,-2.262443438914027,20500.0,3600.0,-0.022884293833586256
2024-12-24,21100.0,21900.0,21900.0,20500.0,9400,-2.31,VTR,-3.65296803652968,21200.0,1400.0,-0.03721359634043431
2024-12-25,21400.0,21300.0,22000.0,21100.0,18120,1.42,VTR,0.4694835680751174,21550.0,900.0,0.004683849312424826
2024-12-26,21400.0,21800.0,21800.0,21000.0,22250,0.0,VTR,-1.834862385321101,21400.0,800.0,-0.01851904776723856
2024-12-27,21200.0,21100.0,21700.0,20000.0,20700,-0.93,VTR,0.47393364928909953,20850.0,1700.0,0.004728141195945668
2024-12-30,21200.0,21500.0,21500.0,20800.0,6610,0.0,VTR,-1.3953488372093024,21150.0,700.0,-0.014051753455650129
2024-12-31,20500.0,20700.0,20900.0,19900.0,35340,-3.3,VTR,-0.966183574879227,20400.0,1000.0,-0.009708814126959453
2025-01-02,20500.0,20100.0,20500.0,20100.0,10910,0.0,VTR,1.9900497512437811,20300.0,400.0,0.019705071079332726
2025-01-03,20800.0,20800.0,20800.0,20300.0,11510,1.46,VTR,0.0,20550.0,500.0,0.0
2025-01-06,20000.0,20800.0,20800.0,19900.0,17400,-3.85,VTR,-3.8461538461538463,20350.0,900.0,-0.03922071315328246
2025-01-07,20200.0,20400.0,20400.0,19800.0,17290,1.0,VTR,-0.9803921568627451,20100.0,600.0,-0.009852296443011
2025-01-08,20100.0,19800.0,20100.0,19700.0,14420,-0.5,VTR,1.5151515151515151,19900.0,400.0,0.01503787736454143
2025-01-09,20000.0,19800.0,20100.0,19800.0,9700,-0.5,VTR,1.0101010101010102,19950.0,300.0,0.010050335853501124
2025-01-10,20500.0,19900.0,22500.0,19900.0,12900,2.5,VTR,3.015075376884422,21200.0,2600.0,0.02970515441391619
2025-01-13,20500.0,20700.0,21500.0,19800.0,4000,0.0,VTR,-0.966183574879227,20650.0,1700.0,-0.009708814126959453
2025-01-14,20500.0,19800.0,21000.0,19800.0,2200,0.0,VTR,3.535353535353535,20400.0,1200.0,0.034742948443874155
2025-01-15,20300.0,20400.0,20400.0,20000.0,6810,-0.98,VTR,-0.49019607843137253,20200.0,400.0,-0.004914014802428923
2025-01-16,20500.0,21000.0,21000.0,19800.0,6620,0.99,VTR,-2.380952380952381,20400.0,1200.0,-0.02409755157905913
2025-01-17,20300.0,20500.0,20900.0,19900.0,17700,-0.98,VTR,-0.975609756097561,20400.0,1000.0,-0.00980400009662219
2025-01-20,20300.0,20500.0,21000.0,20000.0,10310,0.0,VTR,-0.975609756097561,20500.0,1000.0,-0.00980400009662219
2025-01-21,20700.0,20300.0,21000.0,20200.0,17400,1.97,VTR,1.9704433497536946,20600.0,800.0,0.019512814223581643
2025-01-22,20600.0,20800.0,20800.0,20300.0,4700,-0.48,VTR,-0.9615384615384616,20550.0,500.0,-0.009661910911736626
2025-01-23,20700.0,20600.0,20800.0,20500.0,4200,0.49,VTR,0.48543689320388345,20650.0,300.0,0.00484262447578665
2025-01-24,20700.0,20700.0,20800.0,20300.0,6600,0.0,VTR,0.0,20550.0,500.0,0.0
2025-02-03,20600.0,20500.0,21000.0,20000.0,31800,-0.48,VTR,0.4878048780487805,20500.0,1000.0,0.004866189651172803
2025-02-04,20500.0,20400.0,20600.0,20300.0,20700,-0.49,VTR,0.49019607843137253,20450.0,300.0,0.0048899852941932664
2025-02-05,20500.0,20500.0,20600.0,20200.0,18050,0.0,VTR,0.0,20400.0,400.0,0.0
2025-02-06,20400.0,21000.0,21000.0,20200.0,15330,-0.49,VTR,-2.857142857142857,20600.0,800.0,-0.028987536873252395
2025-02-07,20400.0,20400.0,20500.0,19800.0,25150,0.0,VTR,0.0,20150.0,700.0,0.0
2025-02-10,21000.0,20400.0,21500.0,20400.0,49910,2.94,VTR,2.941176470588235,20950.0,1100.0,0.028987536873252395
2025-02-11,21800.0,21000.0,22100.0,20900.0,77120,3.81,VTR,3.8095238095238098,21500.0,1200.0,0.037387532071621266
2025-02-12,21400.0,22000.0,22000.0,21200.0,27600,-1.83,VTR,-2.727272727272727,21600.0,800.0,-0.027651531330510792
2025-02-13,20900.0,21500.0,21500.0,20700.0,56760,-2.34,VTR,-2.7906976744186047,21100.0,800.0,-0.028303776162850625
2025-02-14,20900.0,20900.0,21400.0,20800.0,44710,0.0,VTR,0.0,21100.0,600.0,0.0
2025-02-17,21300.0,21300.0,21700.0,21000.0,35300,1.91,VTR,0.0,21350.0,700.0,0.0
2025-02-18,22300.0,21500.0,22400.0,21200.0,157840,4.69,VTR,3.7209302325581395,21800.0,1200.0,0.03653374333245729
2025-02-19,22000.0,22300.0,22500.0,21800.0,35770,-1.35,VTR,-1.345291479820628,22150.0,700.0,-0.013544225107757768
2025-02-20,21900.0,22000.0,22200.0,21500.0,71400,-0.45,VTR,-0.45454545454545453,21850.0,700.0,-0.0045558165358610125
2025-02-21,21700.0,21900.0,21900.0,21000.0,33360,-0.91,VTR,-0.91324200913242,21450.0,900.0,-0.00917437627604123
2025-02-24,21800.0,21900.0,21900.0,21400.0,8100,0.46,VTR,-0.45662100456621,21650.0,500.0,-0.004576667027411219
2025-02-25,21800.0,22100.0,22100.0,21500.0,17420,0.0,VTR,-1.3574660633484164,21800.0,600.0,-0.013667638728662723
2025-02-26,21700.0,21700.0,22000.0,21500.0,11800,-0.46,VTR,0.0,21750.0,500.0,0.0
2025-02-27,21700.0,21800.0,21800.0,21300.0,28960,0.0,VTR,-0.45871559633027525,21550.0,500.0,-0.004597709248630011
2025-02-28,21400.0,21900.0,21900.0,21100.0,26700,-1.38,VTR,-2.28310502283105,21500.0,800.0,-0.02309571479464978
2025-03-03,21900.0,21300.0,21900.0,21100.0,20720,2.34,VTR,2.8169014084507045,21500.0,800.0,0.027779564107074606
2025-03-04,21600.0,21900.0,21900.0,21300.0,24620,-1.37,VTR,-1.36986301369863,21600.0,600.0,-0.013793322132334751
2025-03-05,21400.0,21500.0,21900.0,21300.0,13960,-0.93,VTR,-0.46511627906976744,21600.0,600.0,-0.004662013105811269
2025-03-06,21700.0,21100.0,21700.0,21000.0,19760,1.4,VTR,2.843601895734597,21350.0,700.0,0.028039220064393078
2025-03-07,21600.0,21700.0,21900.0,21500.0,16030,-0.46,VTR,-0.4608294930875576,21700.0,400.0,-0.0046189458562935215
2025-03-10,21800.0,21800.0,22000.0,21500.0,10100,0.93,VTR,0.0,21750.0,500.0,0.0
2025-03-11,22400.0,24900.0,24900.0,21800.0,281310,2.75,VTR,-10.040160642570282,23350.0,3100.0,-0.10580684460966872
2025-03-12,22900.0,23900.0,27000.0,22100.0,202700,2.23,VTR,-4.184100418410042,24550.0,4900.0,-0.042741548377271954
2025-03-13,22400.0,24800.0,24800.0,22200.0,66030,-2.18,VTR,-9.67741935483871,23500.0,2600.0,-0.10178269430994291
2025-03-14,22500.0,22500.0,23000.0,22000.0,39630,0.45,VTR,0.0,22500.0,1000.0,0.0
2025-03-17,22500.0,23000.0,23000.0,22000.0,20810,0.0,VTR,-2.1739130434782608,22500.0,1000.0,-0.02197890671877545
2025-03-18,22200.0,22000.0,22400.0,21600.0,33330,-1.33,VTR,0.9090909090909091,22000.0,800.0,0.009049835519917337
2025-03-19,22500.0,23000.0,23000.0,22200.0,55720,1.35,VTR,-2.1739130434782608,22600.0,800.0,-0.02197890671877545
2025-03-20,22500.0,22600.0,22700.0,22100.0,16110,0.0,VTR,-0.4424778761061947,22400.0,600.0,-0.004434597067866974
2025-03-21,22100.0,22600.0,22600.0,22000.0,7330,-1.78,VTR,-2.2123893805309733,22300.0,600.0,-0.022372297754534642
2025-03-24,21700.0,22100.0,22400.0,21500.0,30600,-1.81,VTR,-1.809954751131222,21950.0,900.0,-0.018265347977292734
2025-03-25,21900.0,21700.0,22300.0,21500.0,6800,0.92,VTR,0.9216589861751152,21900.0,800.0,0.00917437627604123
2025-03-26,21800.0,22200.0,22200.0,21700.0,6900,-0.46,VTR,-1.8018018018018018,21950.0,500.0,-0.01818231908318957
2025-03-27,21800.0,21800.0,22100.0,21600.0,10870,0.0,VTR,0.0,21850.0,500.0,0.0
2025-03-28,21600.0,22300.0,22300.0,21300.0,16650,-0.92,VTR,-3.1390134529147984,21800.0,1000.0,-0.03189336377595353
2025-03-31,21900.0,22100.0,22100.0,21200.0,60570,1.39,VTR,-0.904977375565611,21650.0,900.0,-0.009090971701251505
2025-04-01,21900.0,21600.0,22100.0,21300.0,18700,0.0,VTR,1.3888888888888888,21700.0,800.0,0.013793322132334751
2025-04-02,22700.0,22500.0,23100.0,22100.0,103180,3.65,VTR,0.8888888888888888,22600.0,1000.0,0.008849615276982803
2025-04-03,21000.0,22700.0,22700.0,20400.0,82910,-7.49,VTR,-7.488986784140969,21550.0,2300.0,-0.07784248676393446
2025-04-04,20500.0,21000.0,21000.0,20000.0,59920,-2.38,VTR,-2.380952380952381,20500.0,1000.0,-0.02409755157905913
2025-04-08,19300.0,20500.0,20500.0,18000.0,77140,-5.85,VTR,-5.853658536585367,19250.0,2500.0,-0.06031979023352285
2025-04-09,19200.0,18000.0,19400.0,18000.0,68430,-0.52,VTR,6.666666666666667,18700.0,1400.0,0.06453852113757108
2025-04-10,21700.0,21600.0,21700.0,21600.0,55550,13.02,VTR,0.4629629629629629,21650.0,100.0,0.0046189458562935215
2025-04-11,21100.0,21700.0,22300.0,20700.0,22140,-2.76,VTR,-2.7649769585253456,21500.0,1600.0,-0.028039220064393078
2025-04-14,21100.0,21000.0,22900.0,21000.0,11110,0.0,VTR,0.4761904761904762,21950.0,1900.0,0.004750602758598177
2025-04-15,21100.0,21000.0,21300.0,20700.0,22530,0.0,VTR,0.4761904761904762,21000.0,600.0,0.004750602758598177
2025-04-16,20700.0,21400.0,21400.0,20000.0,26320,-1.9,VTR,-3.2710280373831773,20700.0,1400.0,-0.03325722175648238
2025-04-17,20400.0,19500.0,20600.0,19500.0,6800,-1.45,VTR,4.615384615384616,20050.0,1100.0,0.045120435280468385
2025-04-18,20300.0,20100.0,20800.0,20100.0,33990,-0.49,VTR,0.9950248756218906,20450.0,700.0,0.009901070982710536
2025-04-21,20800.0,20400.0,21100.0,20300.0,14620,2.46,VTR,1.9607843137254901,20700.0,800.0,0.019418085857102696
2025-04-22,20500.0,20800.0,20800.0,19600.0,37050,-1.44,VTR,-1.4423076923076923,20200.0,1200.0,-0.01452810056290943
2025-04-23,20400.0,20200.0,20600.0,20200.0,10800,-0.49,VTR,0.9900990099009901,20400.0,400.0,0.009852296443011
2025-04-24,20700.0,21300.0,21400.0,20200.0,4810,1.47,VTR,-2.8169014084507045,20800.0,1200.0,-0.028573372444057554
2025-04-25,20800.0,20800.0,21000.0,20300.0,13720,0.48,VTR,0.0,20650.0,700.0,0.0
2025-04-28,20700.0,20700.0,20800.0,20000.0,14600,-0.48,VTR,0.0,20400.0,800.0,0.0
2025-04-29,20800.0,20900.0,20900.0,20100.0,8300,0.48,VTR,-0.4784688995215311,20500.0,800.0,-0.004796172263493048
2025-05-05,20800.0,20600.0,21000.0,20400.0,15200,0.0,VTR,0.9708737864077669,20700.0,600.0,0.009661910911736626
2025-05-06,20700.0,20900.0,20900.0,20600.0,7700,-0.48,VTR,-0.9569377990430622,20750.0,300.0,-0.009615458699443025
2025-05-07,20800.0,20700.0,20900.0,20600.0,13100,0.48,VTR,0.4830917874396135,20750.0,300.0,0.0048192864359499765
2025-05-08,20800.0,21100.0,21200.0,20600.0,21100,0.0,VTR,-1.4218009478672986,20900.0,600.0,-0.014320053774747876
2025-05-09,21000.0,20700.0,21100.0,20600.0,22600,0.96,VTR,1.4492753623188406,20850.0,500.0,0.014388737452099676
2025-05-12,17091.26,16616.5,17407.76,15983.49,73430,-18.61,VTR,2.857160051755775,16695.625,1424.2699999999986,0.028171044136531265
2025-05-13,16537.38,16616.5,17328.64,16300.0,14030,-3.24,VTR,-0.4761532211957932,16814.32,1028.6399999999994,-0.004772904420244473
2025-05-14,16379.12,16537.38,16537.38,16062.62,57500,-0.96,VTR,-0.956983512503191,16300.0,474.7600000000002,-0.009615920250908516
2025-05-15,16141.75,16537.38,16537.38,16141.75,62810,-1.45,VTR,-2.3923378431166302,16339.565,395.630000000001,-0.024214189944684605
2025-05-16,16300.0,16379.12,16379.12,15825.24,131060,0.98,VTR,-0.483054034648997,16102.18,553.880000000001,-0.004842245115295185
2025-05-19,17200.0,18000.0,18000.0,16800.0,51900,5.52,VTR,-4.444444444444445,17400.0,1200.0,-0.04546237407675768
2025-05-20,17200.0,17200.0,17400.0,17000.0,8400,0.0,VTR,0.0,17200.0,400.0,0.0
2025-05-21,16800.0,17200.0,17200.0,16600.0,41100,-2.33,VTR,-2.3255813953488373,16900.0,600.0,-0.023530497410193973
2025-05-22,16700.0,16900.0,16900.0,16500.0,34800,-0.6,VTR,-1.183431952662722,16700.0,400.0,-0.011904902506318038
2025-05-23,17100.0,16800.0,17300.0,16400.0,40700,2.4,VTR,1.7857142857142856,16850.0,900.0,0.01769957709940151
2025-05-26,17400.0,17100.0,17500.0,17000.0,69800,1.75,VTR,1.7543859649122806,17250.0,500.0,0.01739174271186883
2025-05-27,17200.0,17400.0,17400.0,17100.0,35400,-1.15,VTR,-1.1494252873563218,17250.0,300.0,-0.011560822401076365
2025-05-28,17000.0,17300.0,17300.0,17000.0,18700,-1.16,VTR,-1.7341040462427744,17150.0,300.0,-0.01749315744751634
2025-05-29,17000.0,17100.0,17200.0,16600.0,16300,0.0,VTR,-0.5847953216374269,16900.0,600.0,-0.005865119452398204
2025-05-30,16700.0,16800.0,17000.0,16700.0,14200,-1.76,VTR,-0.5952380952380952,16850.0,300.0,-0.005970166986504211
2025-06-02,16400.0,16700.0,16800.0,16400.0,24400,-1.8,VTR,-1.7964071856287425,16600.0,400.0,-0.018127384592556695
2025-06-03,16600.0,16700.0,16900.0,16600.0,21400,1.22,VTR,-0.5988023952095809,16750.0,300.0,-0.0060060240602108905
2025-06-04,16800.0,16800.0,16800.0,16700.0,21600,1.2,VTR,0.0,16750.0,100.0,0.0
2025-06-05,17100.0,16900.0,17100.0,16800.0,56700,1.79,VTR,1.183431952662722,16950.0,300.0,0.011764841579587682
2025-06-06,16900.0,17000.0,17100.0,16900.0,36900,-1.17,VTR,-0.5882352941176471,17000.0,200.0,-0.005899722127189477
2025-06-09,16900.0,16900.0,17500.0,16700.0,37900,0.0,VTR,0.0,17100.0,800.0,0.0
2025-06-10,16900.0,16900.0,16900.0,16800.0,8000,0.0,VTR,0.0,16850.0,100.0,0.0
2025-06-11,16900.0,16700.0,17100.0,16700.0,25300,0.0,VTR,1.1976047904191618,16900.0,400.0,0.011904902506318038
2025-06-12,17000.0,16800.0,17100.0,16800.0,11000,0.59,VTR,1.1904761904761905,16950.0,300.0,0.011834457647003305
2025-06-13,16800.0,17000.0,17000.0,16600.0,20600,-1.18,VTR,-1.1764705882352942,16800.0,400.0,-0.011834457647003305
2025-06-16,16900.0,16800.0,16900.0,16300.0,5200,0.6,VTR,0.5952380952380952,16600.0,600.0,0.005934735519813827
2025-06-17,16900.0,16800.0,16900.0,16700.0,15000,0.0,VTR,0.5952380952380952,16800.0,200.0,0.005934735519813827
2025-06-18,16800.0,16900.0,16900.0,16700.0,30600,-0.59,VTR,-0.591715976331361,16800.0,200.0,-0.005934735519813827
2025-06-19,16800.0,16700.0,16800.0,16700.0,17900,0.0,VTR,0.5988023952095809,16750.0,100.0,0.005970166986504211
2025-06-20,16800.0,16500.0,16800.0,16500.0,52000,0.0,VTR,1.8181818181818181,16650.0,300.0,0.01801850550267936
2025-06-23,16700.0,16800.0,16800.0,16500.0,24700,-0.6,VTR,-0.5952380952380952,16650.0,300.0,-0.005970166986504211
2025-06-24,16700.0,16600.0,16900.0,16500.0,26900,0.0,VTR,0.6024096385542169,16700.0,400.0,0.0060060240602108905
2025-06-25,16600.0,16600.0,16700.0,16500.0,27100,-0.6,VTR,0.0,16600.0,200.0,0.0
2025-06-26,16500.0,16600.0,16600.0,16400.0,22100,-0.6,VTR,-0.6024096385542169,16500.0,200.0,-0.006042314455964259
2025-06-27,16500.0,16700.0,16700.0,16400.0,10200,0.0,VTR,-1.1976047904191618,16550.0,300.0,-0.01204833851617515
2025-06-30,17200.0,16700.0,17500.0,16700.0,160200,4.24,VTR,2.9940119760479043,17100.0,800.0,0.029500664396698184
2025-07-01,17000.0,18000.0,18000.0,16800.0,79500,-1.16,VTR,-5.555555555555555,17400.0,1200.0,-0.05715841383994835
2025-07-02,16800.0,17100.0,17100.0,16700.0,57100,-1.18,VTR,-1.7543859649122806,16900.0,400.0,-0.01769957709940151
2025-07-03,16800.0,17200.0,17200.0,16700.0,48700,0.0,VTR,-2.3255813953488373,16950.0,500.0,-0.023530497410193973
2025-07-04,16900.0,16900.0,17000.0,16600.0,93200,0.6,VTR,0.0,16800.0,400.0,0.0
2025-07-07,17200.0,16800.0,17200.0,16800.0,105000,1.78,VTR,2.380952380952381,17000.0,400.0,0.023530497410193973
2025-07-08,17200.0,17200.0,17300.0,17000.0,82100,0.0,VTR,0.0,17150.0,300.0,0.0
2025-07-09,17200.0,17300.0,17300.0,16900.0,79000,0.0,VTR,-0.5780346820809248,17100.0,400.0,-0.00579711768432567
2025-07-10,17100.0,17000.0,17200.0,16900.0,73700,-0.58,VTR,0.5882352941176471,17050.0,300.0,0.005865119452398204
2025-07-11,17000.0,17100.0,17400.0,16800.0,75800,-0.58,VTR,-0.5847953216374269,17100.0,600.0,-0.005865119452398204
2025-07-14,17000.0,16800.0,17000.0,16700.0,72800,0.0,VTR,1.1904761904761905,16850.0,300.0,0.011834457647003305
2025-07-15,17400.0,17000.0,17400.0,16900.0,90800,2.35,VTR,2.3529411764705883,17150.0,500.0,0.023256862164267034
2025-07-16,17400.0,17200.0,17800.0,17200.0,94000,0.0,VTR,1.1627906976744187,17500.0,600.0,0.011560822401076365
2025-07-17,16792.31,17076.92,17076.92,16602.56,99900,-3.49,VTR,-1.6666354354297905,16839.739999999998,474.35999999999694,-0.016806800710632785
2025-07-18,16982.05,16887.18,17076.92,16697.44,131300,1.13,VTR,0.5617871071428088,16887.18,379.47999999999956,0.005602149686732005
2025-07-21,17266.67,16887.18,17266.67,16887.18,142900,1.68,VTR,2.2472076450893397,17076.925,379.48999999999796,0.02222329946743784
2025-07-22,18025.64,17266.67,18025.64,17171.79,243600,4.4,VTR,4.395578302011918,17598.715,853.8499999999985,0.043017135134510553
2025-07-23,18500.0,18025.64,18879.49,17930.77,327000,2.63,VTR,2.6315847870034053,18405.13,948.7200000000012,0.025975543302266146
2025-07-24,18700.0,19300.0,19500.0,18100.0,108300,1.08,VTR,-3.1088082901554404,18800.0,1400.0,-0.031581572050299656
2025-07-25,18100.0,18300.0,18800.0,17900.0,128199,-3.21,VTR,-1.092896174863388,18350.0,900.0,-0.010989121575596172
2025-07-28,18500.0,18100.0,18700.0,17400.0,256000,2.21,VTR,2.209944751381215,18050.0,1300.0,0.021858793812498334
2025-07-29,17600.0,18600.0,18600.0,17200.0,102700,-4.86,VTR,-5.376344086021505,17900.0,1400.0,-0.05526267867505119
2025-07-30,17500.0,17300.0,17900.0,17100.0,100100,-0.57,VTR,1.1560693641618496,17500.0,800.0,0.011494379425736057
2025-07-31,17100.0,17500.0,17500.0,16900.0,143200,-2.29,VTR,-2.2857142857142856,17200.0,600.0,-0.02312241742085419
2025-08-01,17300.0,17200.0,17400.0,17100.0,52800,1.17,VTR,0.5813953488372093,17250.0,300.0,0.00579711768432567
2025-08-04,17500.0,17200.0,17600.0,17200.0,63000,1.16,VTR,1.744186046511628,17400.0,400.0,0.017291497110061727
2025-08-05,17700.0,17800.0,18100.0,17400.0,256000,1.14,VTR,-0.5617977528089888,17750.0,700.0,-0.005633817718257106
2025-08-06,17900.0,17800.0,18000.0,17700.0,92600,1.13,VTR,0.5617977528089888,17850.0,300.0,0.005602255548669888
2025-08-07,17500.0,18000.0,18000.0,17200.0,103400,-2.23,VTR,-2.7777777777777777,17600.0,800.0,-0.028170876966695957
2025-08-08,17500.0,17500.0,18000.0,17400.0,99400,0.0,VTR,0.0,17700.0,600.0,0.0
2025-08-11,18000.0,17900.0,18300.0,17500.0,184500,2.86,VTR,0.5586592178770949,17900.0,800.0,0.005571045049455492
2025-08-12,18200.0,18200.0,18500.0,18000.0,69600,1.11,VTR,0.0,18250.0,500.0,0.0
2025-08-13,17700.0,18100.0,18100.0,17500.0,170200,-2.75,VTR,-2.209944751381215,17800.0,600.0,-0.022347298691997253
2025-08-14,17800.0,17800.0,17900.0,17600.0,100400,0.56,VTR,0.0,17750.0,300.0,0.0
2025-08-15,17600.0,17900.0,18000.0,17500.0,76600,-1.12,VTR,-1.675977653631285,17750.0,500.0,-0.016901810802604444
2025-08-18,17600.0,17600.0,17700.0,17400.0,78900,0.0,VTR,0.0,17550.0,300.0,0.0
2025-08-19,17700.0,17500.0,17800.0,17400.0,256600,0.57,VTR,1.1428571428571428,17600.0,400.0,0.011363758650313471
2025-08-20,17700.0,17700.0,17700.0,17200.0,72600,0.0,VTR,0.0,17450.0,500.0,0.0
2025-08-21,17300.0,17400.0,17700.0,17200.0,96200,-2.26,VTR,-0.5747126436781609,17450.0,500.0,-0.005763704716750695
2025-08-22,17400.0,17300.0,17400.0,16900.0,114200,0.58,VTR,0.5780346820809248,17150.0,500.0,0.005763704716750695
2025-08-25,17200.0,17400.0,17700.0,17100.0,80800,-1.15,VTR,-1.1494252873563218,17400.0,600.0,-0.011560822401076365
2025-08-26,17300.0,17400.0,17400.0,16900.0,56400,0.58,VTR,-0.5747126436781609,17150.0,500.0,-0.005763704716750695
2025-08-27,17200.0,17300.0,17300.0,17100.0,20900,-0.58,VTR,-0.5780346820809248,17200.0,200.0,-0.00579711768432567
2025-08-28,17000.0,17200.0,17200.0,17000.0,33000,-1.16,VTR,-1.1627906976744187,17100.0,200.0,-0.011696039763190669
2025-08-29,17400.0,17100.0,17400.0,17000.0,46900,2.35,VTR,1.7543859649122806,17200.0,400.0,0.01739174271186883
2025-09-03,17200.0,17300.0,17300.0,17000.0,29600,-1.15,VTR,-0.5780346820809248,17150.0,300.0,-0.00579711768432567
2025-09-04,17700.0,17300.0,18000.0,17300.0,49000,2.91,VTR,2.312138728323699,17650.0,700.0,0.022858138076049528
2025-09-05,17300.0,17500.0,17600.0,17200.0,29600,-2.26,VTR,-1.1428571428571428,17400.0,400.0,-0.011494379425736057
2025-09-08,17100.0,17300.0,17500.0,16900.0,61500,-1.16,VTR,-1.1560693641618496,17200.0,600.0,-0.011628037995118135
2025-09-09,17000.0,17000.0,17100.0,16900.0,40100,-0.58,VTR,0.0,17000.0,200.0,0.0
2025-09-10,17200.0,17000.0,17200.0,16800.0,28500,1.18,VTR,1.1764705882352942,17000.0,400.0,0.011696039763190669
2025-09-11,17000.0,17200.0,17200.0,16800.0,36000,-1.16,VTR,-1.1627906976744187,17000.0,400.0,-0.011696039763190669
2025-09-12,17200.0,17000.0,17200.0,17000.0,21100,1.18,VTR,1.1764705882352942,17100.0,200.0,0.011696039763190669
2025-09-15,17200.0,17200.0,17200.0,17100.0,41900,0.0,VTR,0.0,17150.0,100.0,0.0
2025-09-16,17200.0,17300.0,17400.0,17100.0,40900,0.0,VTR,-0.5780346820809248,17250.0,300.0,-0.00579711768432567
2025-09-17,17200.0,17300.0,17700.0,17200.0,63600,0.0,VTR,-0.5780346820809248,17450.0,500.0,-0.00579711768432567
2025-09-18,17300.0,17400.0,17400.0,17100.0,32400,0.58,VTR,-0.5747126436781609,17250.0,300.0,-0.005763704716750695
2025-09-19,17100.0,17200.0,17300.0,17000.0,23000,-1.16,VTR,-0.5813953488372093,17150.0,300.0,-0.0058309203107924645
2025-09-22,16900.0,17100.0,17200.0,16800.0,47200,-1.17,VTR,-1.1695906432748537,17000.0,400.0,-0.011764841579587682
2025-09-23,16800.0,16800.0,17000.0,16800.0,23800,-0.59,VTR,0.0,16900.0,200.0,0.0
2025-09-24,16900.0,16900.0,16900.0,16800.0,19100,0.6,VTR,0.0,16850.0,100.0,0.0
2025-09-25,16900.0,16900.0,17000.0,16700.0,42100,0.0,VTR,0.0,16850.0,300.0,0.0
2025-09-26,17200.0,16800.0,17700.0,16800.0,35600,1.78,VTR,2.380952380952381,17250.0,900.0,0.023530497410193973
